{
    "version": 2,
    "active": {
        "draconicevolution:fusion_crafting": {"solarflux:solar_panels/draconicevolution/chaotic": true},
        "minecraft:crafting": {
            "solarflux:sp_1": true,
            "solarflux:sp_avaritia.infinity": true,
            "solarflux:sp_2": true,
            "solarflux:sp_3": true,
            "solarflux:sp_4": true,
            "solarflux:sp_5": true,
            "solarflux:sp_6": true,
            "solarflux:sp_7": true,
            "solarflux:sp_8": true,
            "solarflux:sp_avaritia.neutronium": true,
            "solarflux:mirror": true,
            "solarflux:blazing_coating": true,
            "solarflux:emerald_glass": true,
            "solarflux:ender_glass": true,
            "solarflux:photovoltaic_cell_1": true,
            "solarflux:photovoltaic_cell_2": true,
            "solarflux:photovoltaic_cell_3": true,
            "solarflux:photovoltaic_cell_4": true,
            "solarflux:photovoltaic_cell_5": true,
            "solarflux:photovoltaic_cell_6": true,
            "solarflux:blank_upgrade": true,
            "solarflux:solar_panel_1": true,
            "solarflux:solar_panel_2": true,
            "solarflux:solar_panel_3": true,
            "solarflux:solar_panel_4": true,
            "solarflux:solar_panel_5": true,
            "solarflux:solar_panel_6": true,
            "solarflux:solar_panel_7": true,
            "solarflux:solar_panel_8": true,
            "solarflux:efficiency_upgrade": true,
            "solarflux:transfer_rate_upgrade": true,
            "solarflux:traversal_upgrade": true,
            "solarflux:dispersive_upgrade": true,
            "solarflux:block_charging_upgrade": true,
            "solarflux:furnace_upgrade": true,
            "solarflux:capacity_upgrade": true,
            "solarflux:ae2/energy_upgrade": true,
            "solarflux:sp_de.draconic": true,
            "solarflux:sp_de.wyvern": true,
            "solarflux:sp_de.chaotic": true,
            "solarflux:solar_panels/draconicevolution/wyvern": true,
            "solarflux:solar_panels/draconicevolution/draconic": true
        }
    },
    "unregistered": {}
}