{
  "water_sources": {
    "T1": {
      "config tick": "configured the tick upgrade for Tier1 water source (default is 5)",
      "tick": 5,
      "config value": "configured the tick value for Tier1 water source (default is 125)",
      "value": 125
    },
    "T2": {
      "config tick": "configured the tick upgrade for Tier2 water source (default is 4)",
      "tick": 4,
      "config value": "configured the tick value for Tier2 water source (default is 250)",
      "value": 250
    },
    "T3": {
      "config tick": "configured the tick upgrade for Tier3 water source (default is 3)",
      "tick": 3,
      "config value": "configured the tick value for Tier3 water source (default is 500)",
      "value": 500
    },
    "T4": {
      "config tick": "configured the tick upgrade for Tier4 water source (default is 2)",
      "tick": 2,
      "config value": "configured the tick value for Tier4 water source (default is 1000)",
      "value": 1000
    },
    "T5": {
      "config tick": "configured the tick upgrade for Tier5 water source (default is 1)",
      "tick": 1,
      "config value": "configured the tick value for Tier5 water source (default is 2000)",
      "value": 2000
    }
  }
}